{
  "dashboard": [
    {
      "type": "Total Sales",
      "amount": 180200,
      "progress": 50,
      "date": 1427207139000
    },
    {
      "type": "Revenue",
      "amount": 70205,
      "progress": 70,
      "date": 1427412725000
    },
    {
      "type": "Traffic",
      "amount": 1291922,
      "progress": 80,
      "date": 1427546580000
    },
    {
      "type": "New User",
      "amount": 1922,
      "progress": 40,
      "date": 1427891640000
    }
  ]
}
